Date,pcp_maumee(mm/day),pcp_maumee(mm/mon)
1940-01,1.8714656829833984,58.01543617248535
1940-02,2.4655940532684326,71.50222754478455
1940-03,2.493757486343384,77.3064820766449
1940-04,3.3203611373901367,99.6108341217041
1940-05,3.21946120262146,99.80329728126526
1940-06,3.4506943225860596,103.52082967758179
1940-07,0.5549305081367493,17.202845752239227
1940-08,2.995760679244995,92.86858105659485
1940-09,1.1016275882720947,33.04882764816284
1940-10,1.3944131135940552,43.22680652141571
1940-11,2.463627815246582,73.90883445739746
1940-12,2.739345073699951,84.91969728469849
1941-01,1.954404354095459,60.58653497695923
1941-02,0.8209772109985352,22.987361907958984
1941-03,1.0766135454177856,33.375019907951355
1941-04,1.5751601457595825,47.254804372787476
1941-05,3.1542418003082275,97.78149580955505
1941-06,3.6672801971435547,110.01840591430664
1941-07,1.246091604232788,38.62883973121643
1941-08,1.600154995918274,49.60480487346649
1941-09,1.1767542362213135,35.302627086639404
1941-10,3.656710147857666,113.35801458358765
1941-11,2.94891357421875,88.4674072265625
1941-12,1.9549158811569214,60.60239231586456
1942-01,2.008572816848755,62.2657573223114
1942-02,2.943746328353882,82.42489719390869
1942-03,3.009498357772827,93.29444909095764
1942-04,2.6426150798797607,79.27845239639282
1942-05,2.761323928833008,85.60104179382324
1942-06,2.9867498874664307,89.60249662399292
1942-07,2.2857649326324463,70.85871291160583
1942-08,1.403062343597412,43.494932651519775
1942-09,1.8390995264053345,55.172985792160034
1942-10,1.2659327983856201,39.243916749954224
1942-11,3.2845230102539062,98.53569030761719
1942-12,3.0609335899353027,94.88894128799438
1943-01,1.6013779640197754,49.64271688461304
1943-02,1.5298818349838257,42.83669137954712
1943-03,2.2221031188964844,68.88519668579102
1943-04,2.4443306922912598,73.3299207687378
1943-05,6.424505710601807,199.159677028656
1943-06,2.0001134872436523,60.00340461730957
1943-07,2.574122667312622,79.79780268669128
1943-08,2.887174606323242,89.50241279602051
1943-09,1.9129198789596558,57.38759636878967
1943-10,1.3302994966506958,41.23928439617157
1943-11,1.5242024660110474,45.72607398033142
1943-12,0.5189191102981567,16.08649241924286
1944-01,0.8692705631256104,26.94738745689392
1944-02,2.6819519996643066,77.77660799026489
1944-03,3.058502435684204,94.81357550621033
1944-04,4.3998026847839355,131.99408054351807
1944-05,3.4127533435821533,105.79535365104675
1944-06,3.041189432144165,91.23568296432495
1944-07,1.4645367860794067,45.40064036846161
1944-08,2.635715961456299,81.70719480514526
1944-09,1.4219151735305786,42.65745520591736
1944-10,1.102658748626709,34.18242120742798
1944-11,2.560009241104126,76.80027723312378
1944-12,1.3883707523345947,43.03949332237244
1945-01,0.9390628933906555,29.11094969511032
1945-02,2.6093220710754395,73.0610179901123
1945-03,6.1806511878967285,191.60018682479858
1945-04,3.146007776260376,94.38023328781128
1945-05,4.60054874420166,142.61701107025146
1945-06,4.389612197875977,131.6883659362793
1945-07,1.7087070941925049,52.96991991996765
1945-08,1.3671728372573853,42.38235795497894
1945-09,3.630617141723633,108.91851425170898
1945-10,2.5250027179718018,78.27508425712585
1945-11,2.334010124206543,70.02030372619629
1945-12,2.529709815979004,78.42100429534912
1946-01,1.60470449924469,49.74583947658539
1946-02,2.9629874229431152,82.96364784240723
1946-03,3.1946401596069336,99.03384494781494
1946-04,1.2627936601638794,37.88380980491638
1946-05,4.634737968444824,143.67687702178955
1946-06,3.800715208053589,114.02145624160767
1946-07,1.2238309383392334,37.938759088516235
1946-08,1.5589680671691895,48.32801008224487
1946-09,0.8489891290664673,25.46967387199402
1946-10,2.136497974395752,66.23143720626831
1946-11,2.549516201019287,76.48548603057861
1946-12,3.2015483379364014,99.24799847602844
1947-01,3.7585792541503906,116.51595687866211
1947-02,0.5566074252128601,15.585007905960083
1947-03,2.7180728912353516,84.2602596282959
1947-04,5.346597194671631,160.39791584014893
1947-05,3.6975600719451904,114.6243622303009
1947-06,3.9233531951904297,117.70059585571289
1947-07,1.982742428779602,61.465015292167664
1947-08,1.3037796020507812,40.41716766357422
1947-09,2.792426824569702,83.77280473709106
1947-10,2.35101580619812,72.88148999214172
1947-11,1.629646897315979,48.88940691947937
1947-12,1.7534644603729248,54.35739827156067
1948-01,1.8569148778915405,57.564361214637756
1948-02,2.479741334915161,71.91249871253967
1948-03,4.23912239074707,131.41279411315918
1948-04,3.87825608253479,116.3476824760437
1948-05,3.116929531097412,96.62481546401978
1948-06,3.9942665100097656,119.82799530029297
1948-07,2.276711940765381,70.5780701637268
1948-08,1.6422125101089478,50.90858781337738
1948-09,2.50929594039917,75.2788782119751
1948-10,1.8328462839126587,56.81823480129242
1948-11,5.054326057434082,151.62978172302246
1948-12,3.5174431800842285,109.04073858261108
1949-01,3.798520565032959,117.75413751602173
1949-02,2.7204341888427734,76.17215728759766
1949-03,2.4884066581726074,77.14060640335083
1949-04,2.6740474700927734,80.2214241027832
1949-05,3.5907673835754395,111.31378889083862
1949-06,4.232956409454346,126.98869228363037
1949-07,2.984623908996582,92.52334117889404
1949-08,2.2711384296417236,70.40529131889343
1949-09,1.9200456142425537,57.60136842727661
1949-10,2.3247032165527344,72.06579971313477
1949-11,1.19678795337677,35.9036386013031
1949-12,4.297947883605957,133.23638439178467
1950-01,7.596487045288086,235.49109840393066
1950-02,4.91594123840332,137.64635467529297
1950-03,2.2078592777252197,68.44363760948181
1950-04,5.375993728637695,161.27981185913086
1950-05,1.4213515520095825,44.06189811229706
1950-06,4.605816841125488,138.17450523376465
1950-07,2.5175974369049072,78.04552054405212
1950-08,1.7733508348464966,54.973875880241394
1950-09,3.3759725093841553,101.27917528152466
1950-10,2.6030614376068115,80.69490456581116
1950-11,4.463286876678467,133.898606300354
1950-12,2.4792683124542236,76.85731768608093
1951-01,2.8164453506469727,87.30980587005615
1951-02,3.2981512546539307,92.34823513031006
1951-03,3.0694761276245117,95.15375995635986
1951-04,3.206575870513916,96.19727611541748
1951-05,2.9939968585968018,92.81390261650085
1951-06,3.250321388244629,97.50964164733887
1951-07,1.8396580219268799,57.029398679733276
1951-08,1.8890882730484009,58.56173646450043
1951-09,2.384938955307007,71.5481686592102
1951-10,3.330929756164551,103.25882244110107
1951-11,2.2752349376678467,68.2570481300354
1951-12,3.7205278873443604,115.33636450767517
1952-01,3.071070432662964,95.20318341255188
1952-02,1.9492238759994507,56.52749240398407
1952-03,4.439040184020996,137.61024570465088
1952-04,3.6996495723724365,110.9894871711731
1952-05,3.7916688919067383,117.54173564910889
1952-06,2.388695001602173,71.66085004806519
1952-07,1.3552007675170898,42.011223793029785
1952-08,2.4553756713867188,76.11664581298828
1952-09,2.0734190940856934,62.2025728225708
1952-10,0.5523884296417236,17.124041318893433
1952-11,2.6791629791259766,80.3748893737793
1952-12,2.7133164405822754,84.11280965805054
1953-01,2.2629969120025635,70.15290427207947
1953-02,1.193293571472168,33.4122200012207
1953-03,2.8963849544525146,89.78793358802795
1953-04,2.660569906234741,79.81709718704224
1953-05,2.9711875915527344,92.10681533813477
1953-06,2.1521756649017334,64.565269947052
1953-07,2.2757351398468018,70.54778933525085
1953-08,1.7034436464309692,52.806753039360046
1953-09,0.7703772187232971,23.111316561698914
1953-10,0.6437926292419434,19.957571506500244
1953-11,0.9987754821777344,29.96326446533203
1953-12,1.6999014616012573,52.69694530963898
1954-01,2.0354971885681152,63.10041284561157
1954-02,3.805889129638672,106.56489562988281
1954-03,3.4086413383483887,105.66788148880005
1954-04,4.772542476654053,143.17627429962158
1954-05,2.015923023223877,62.493613719940186
1954-06,2.685091018676758,80.55273056030273
1954-07,2.9769396781921387,92.2851300239563
1954-08,2.4261884689331055,75.21184253692627
1954-09,0.829049825668335,24.87149477005005
1954-10,4.34324836730957,134.64069938659668
1954-11,1.8055808544158936,54.16742563247681
1954-12,2.2075355052948,68.4336006641388
1955-01,1.9087984561920166,59.172752141952515
1955-02,2.3276405334472656,65.17393493652344
1955-03,3.345942735671997,103.72422480583191
1955-04,2.449207067489624,73.47621202468872
1955-05,1.9567623138427734,60.65963172912598
1955-06,2.0696120262145996,62.08836078643799
1955-07,2.119469165802002,65.70354413986206
1955-08,2.1977100372314453,68.1290111541748
1955-09,2.0474326610565186,61.42297983169556
1955-10,2.9959187507629395,92.87348127365112
1955-11,2.8886468410491943,86.65940523147583
1955-12,0.8831322193145752,27.37709879875183
1956-01,1.5422929525375366,47.811081528663635
1956-02,2.7509305477142334,79.77698588371277
1956-03,3.0125815868377686,93.39002919197083
1956-04,3.3517398834228516,100.55219650268555
1956-05,3.9516263008117676,122.5004153251648
1956-06,2.769549608230591,83.08648824691772
1956-07,2.0383903980255127,63.190102338790894
1956-08,2.7416110038757324,84.9899411201477
1956-09,0.7076520919799805,21.229562759399414
1956-10,0.47911036014556885,14.852421164512634
1956-11,1.8285654783248901,54.856964349746704
1956-12,2.4925403594970703,77.26875114440918
1957-01,2.1647629737854004,67.10765218734741
1957-02,2.2626724243164062,63.354827880859375
1957-03,1.319675087928772,40.90992772579193
1957-04,6.3831281661987305,191.4938449859619
1957-05,4.652209758758545,144.2185025215149
1957-06,5.291050434112549,158.73151302337646
1957-07,1.760619044303894,54.579190373420715
1957-08,1.3553617000579834,42.016212701797485
1957-09,3.153150796890259,94.59452390670776
1957-10,3.2494213581085205,100.73206210136414
1957-11,3.8250668048858643,114.75200414657593
1957-12,4.106937885284424,127.31507444381714
1958-01,1.6375504732131958,50.76406466960907
1958-02,0.9904149770736694,27.731619358062744
1958-03,0.9765598177909851,30.27335435152054
1958-04,2.4786128997802734,74.3583869934082
1958-05,2.732023239135742,84.69272041320801
1958-06,4.815278053283691,144.45834159851074
1958-07,4.725905895233154,146.50308275222778
1958-08,1.8262211084365845,56.61285436153412
1958-09,2.718445062637329,81.55335187911987
1958-10,0.7583408355712891,23.50856590270996
1958-11,3.539151906967163,106.17455720901489
1958-12,0.49407175183296204,15.316224306821823
1959-01,3.6896812915802,114.3801200389862
1959-02,3.2063779830932617,89.77858352661133
1959-03,3.0348331928253174,94.07982897758484
1959-04,4.607238292694092,138.21714878082275
1959-05,3.564746856689453,110.50715255737305
1959-06,1.99699866771698,59.9099600315094
1959-07,2.383291482925415,73.88203597068787
1959-08,2.1296029090881348,66.01769018173218
1959-09,1.5845680236816406,47.53704071044922
1959-10,3.639103412628174,112.81220579147339
1959-11,2.5608842372894287,76.82652711868286
1959-12,2.718183755874634,84.26369643211365
1960-01,2.530986785888672,78.46059036254883
1960-02,3.09177565574646,89.66149401664734
1960-03,1.7611782550811768,54.59652590751648
1960-04,2.0113720893859863,60.34116268157959
1960-05,4.016303062438965,124.50539493560791
1960-06,4.092913627624512,122.78740882873535
1960-07,2.087629556655884,64.7165162563324
1960-08,2.7385382652282715,84.89468622207642
1960-09,1.0373958349227905,31.121875047683716
1960-10,1.2723803520202637,39.443790912628174
1960-11,1.9365726709365845,58.097180128097534
1960-12,1.039101004600525,32.21213114261627
1961-01,0.5618393421173096,17.417019605636597
1961-02,3.2408323287963867,90.74330520629883
1961-03,5.110369682312012,158.42146015167236
1961-04,5.8890910148620605,176.67273044586182
1961-05,2.9916586875915527,92.74141931533813
1961-06,2.9010019302368164,87.03005790710449
1961-07,3.024794101715088,93.76861715316772
1961-08,2.214057445526123,68.63578081130981
1961-09,2.2243738174438477,66.73121452331543
1961-10,1.3187614679336548,40.8816055059433
1961-11,1.8892334699630737,56.67700409889221
1961-12,1.911686658859253,59.26228642463684
1962-01,3.1131582260131836,96.50790500640869
1962-02,2.5372889041900635,71.04408931732178
1962-03,2.471367835998535,76.61240291595459
1962-04,1.2185875177383423,36.55762553215027
1962-05,3.0123486518859863,93.38280820846558
1962-06,1.606147050857544,48.18441152572632
1962-07,4.149719715118408,128.64131116867065
1962-08,1.9735302925109863,61.179439067840576
1962-09,2.1425631046295166,64.2768931388855
1962-10,1.9962118864059448,61.88256847858429
1962-11,1.3325289487838745,39.975868463516235
1962-12,1.408769965171814,43.67186892032623
1963-01,1.249618411064148,38.738170742988586
1963-02,0.9767577052116394,27.349215745925903
1963-03,3.7458460330963135,116.12122702598572
1963-04,3.0013883113861084,90.04164934158325
1963-05,1.691916823387146,52.449421525001526
1963-06,1.1239596605300903,33.71878981590271
1963-07,3.111936569213867,96.47003364562988
1963-08,2.174842119216919,67.42010569572449
1963-09,0.9262607097625732,27.787821292877197
1963-10,0.206463024020195,6.400353744626045
1963-11,2.377025604248047,71.3107681274414
1963-12,1.2018096446990967,37.256098985672
1964-01,1.7140042781829834,53.134132623672485
1964-02,1.4453060626983643,41.91387581825256
1964-03,4.5694379806518555,141.65257740020752
1964-04,5.686470985412598,170.59412956237793
1964-05,1.1977699995040894,37.13086998462677
1964-06,2.0811617374420166,62.4348521232605
1964-07,2.014791965484619,62.45855093002319
1964-08,1.9643104076385498,60.893622636795044
1964-09,1.1071679592132568,33.215038776397705
1964-10,0.8504418134689331,26.363696217536926
1964-11,1.8632808923721313,55.89842677116394
1964-12,3.007847309112549,93.24326658248901
1965-01,4.003206729888916,124.0994086265564
1965-02,3.06933331489563,85.94133281707764
1965-03,3.076003074645996,95.35609531402588
1965-04,3.841129779815674,115.23389339447021
1965-05,1.0363773107528687,32.12769663333893
1965-06,1.4385071992874146,43.15521597862244
1965-07,1.808551549911499,56.06509804725647
1965-08,2.7553577423095703,85.41609001159668
1965-09,2.7099480628967285,81.29844188690186
1965-10,3.1650688648223877,98.11713480949402
1965-11,1.8214731216430664,54.64419364929199
1965-12,3.0457875728607178,94.41941475868225
1966-01,1.0807844400405884,33.50431764125824
1966-02,1.918168544769287,53.70871925354004
1966-03,2.0035555362701416,62.11022162437439
1966-04,3.172558546066284,95.17675638198853
1966-05,2.7686634063720703,85.82856559753418
1966-06,2.2632217407226562,67.89665222167969
1966-07,1.5635203123092651,48.46912968158722
1966-08,2.3129305839538574,71.70084810256958
1966-09,2.0174434185028076,60.52330255508423
1966-10,0.9609014391899109,29.787944614887238
1966-11,4.881511688232422,146.44535064697266
1966-12,3.552377700805664,110.12370872497559
1967-01,1.7859910726547241,55.36572325229645
1967-02,1.95516836643219,54.74471426010132
1967-03,2.312755823135376,71.69543051719666
1967-04,3.145439863204956,94.36319589614868
1967-05,3.2052040100097656,99.36132431030273
1967-06,1.4780445098876953,44.34133529663086
1967-07,1.7467859983444214,54.15036594867706
1967-08,1.5558559894561768,48.23153567314148
1967-09,1.6447504758834839,49.34251427650452
1967-10,3.3792057037353516,104.7553768157959
1967-11,2.720754861831665,81.62264585494995
1967-12,4.123348236083984,127.82379531860352
1968-01,1.7629510164260864,54.65148150920868
1968-02,1.3159512281417847,38.162585616111755
1968-03,2.6085002422332764,80.86350750923157
1968-04,2.147601366043091,64.42804098129272
1968-05,4.3474650382995605,134.77141618728638
1968-06,3.1864283084869385,95.59284925460815
1968-07,1.6082559823989868,49.85593545436859
1968-08,1.1288260221481323,34.9936066865921
1968-09,2.3925583362579346,71.77675008773804
1968-10,1.4908952713012695,46.217753410339355
1968-11,3.800670623779297,114.0201187133789
1968-12,3.749025344848633,116.21978569030762
1969-01,3.1069231033325195,96.3146162033081
1969-02,0.6622191667556763,18.542136669158936
1969-03,1.8166999816894531,56.31769943237305
1969-04,4.95585823059082,148.6757469177246
1969-05,3.648569345474243,113.10564970970154
1969-06,3.6680731773376465,110.0421953201294
1969-07,2.9540395736694336,91.57522678375244
1969-08,2.3476390838623047,72.77681159973145
1969-09,3.7748420238494873,113.24526071548462
1969-10,1.341800570487976,41.59581768512726
1969-11,3.239203453063965,97.17610359191895
1969-12,1.9563531875610352,60.64694881439209
1970-01,1.0429260730743408,32.330708265304565
1970-02,1.2793856859207153,35.82279920578003
1970-03,2.21826171875,68.76611328125
1970-04,4.918724060058594,147.5617218017578
1970-05,2.230027437210083,69.13085055351257
1970-06,3.2479734420776367,97.4392032623291
1970-07,3.2347960472106934,100.2786774635315
1970-08,1.4314132928848267,44.37381207942963
1970-09,2.6487951278686523,79.46385383605957
1970-10,3.379465103149414,104.76341819763184
1970-11,2.1646933555603027,64.94080066680908
1970-12,1.7908298969268799,55.515726804733276
1971-01,0.9511616230010986,29.486010313034058
1971-02,3.101365804672241,86.83824253082275
1971-03,1.8939857482910156,58.713558197021484
1971-04,1.161354660987854,34.84063982963562
1971-05,2.2921035289764404,71.05520939826965
1971-06,1.5245916843414307,45.73775053024292
1971-07,2.166192054748535,67.15195369720459
1971-08,0.9488087296485901,29.413070619106293
1971-09,2.3614816665649414,70.84444999694824
1971-10,1.3779146671295166,42.715354681015015
1971-11,1.372429609298706,41.17288827896118
1971-12,3.023005723953247,93.71317744255066
1972-01,1.4672449827194214,45.48459446430206
1972-02,1.263575792312622,36.64369797706604
1972-03,2.199092149734497,68.17185664176941
1972-04,4.02152681350708,120.6458044052124
1972-05,3.6120827198028564,111.97456431388855
1972-06,2.321282148361206,69.63846445083618
1972-07,2.0210275650024414,62.651854515075684
1972-08,2.9974076747894287,92.91963791847229
1972-09,4.198235511779785,125.94706535339355
1972-10,2.0457913875579834,63.419533014297485
1972-11,4.494555950164795,134.83667850494385
1972-12,3.3661084175109863,104.34936094284058
1973-01,1.37922203540802,42.75588309764862
1973-02,1.4984066486358643,41.9553861618042
1973-03,4.3476128578186035,134.7759985923767
1973-04,3.1724276542663574,95.17282962799072
1973-05,4.937742233276367,153.07000923156738
1973-06,4.575172424316406,137.2551727294922
1973-07,3.779431104660034,117.16236424446106
1973-08,2.483461856842041,76.98731756210327
1973-09,2.269742727279663,68.09228181838989
1973-10,2.499648094177246,77.48909091949463
1973-11,3.986671209335327,119.60013628005981
1973-12,3.700981855392456,114.73043751716614
1974-01,2.8642187118530273,88.79078006744385
1974-02,2.0183069705963135,56.51259517669678
1974-03,2.779684543609619,86.1702208518982
1974-04,3.197819948196411,95.93459844589233
1974-05,3.7941408157348633,117.61836528778076
1974-06,2.752872943878174,82.58618831634521
1974-07,0.6881459951400757,21.332525849342346
1974-08,2.7798001766204834,86.17380547523499
1974-09,1.8872759342193604,56.61827802658081
1974-10,0.8952807784080505,27.753704130649567
1974-11,2.578617811203003,77.35853433609009
1974-12,3.379757881164551,104.77249431610107
1975-01,3.2806155681610107,101.69908261299133
1975-02,2.845262050628662,79.66733741760254
1975-03,2.4657020568847656,76.43676376342773
1975-04,2.708221673965454,81.24665021896362
1975-05,2.1442196369171143,66.47080874443054
1975-06,4.131750106811523,123.9525032043457
1975-07,1.685886263847351,52.26247417926788
1975-08,4.65048360824585,144.16499185562134
1975-09,2.546316623687744,76.38949871063232
1975-10,2.31361722946167,71.72213411331177
1975-11,2.566331386566162,76.98994159698486
1975-12,2.441728353500366,75.69357895851135
1976-01,2.2603700160980225,70.0714704990387
1976-02,3.341458797454834,96.90230512619019
1976-03,3.5643467903137207,110.49475049972534
1976-04,2.285133123397827,68.55399370193481
1976-05,2.932809829711914,90.91710472106934
1976-06,3.107893943786621,93.23681831359863
1976-07,2.024451494216919,62.75799632072449
1976-08,1.7146062850952148,53.15279483795166
1976-09,2.448490858078003,73.45472574234009
1976-10,1.783021330833435,55.27366125583649
1976-11,0.8126718401908875,24.380155205726624
1976-12,0.8270496129989624,25.638538002967834
1977-01,1.1118682622909546,34.46791613101959
1977-02,2.1329495906829834,59.722588539123535
1977-03,4.129115581512451,128.002583026886
1977-04,3.050321102142334,91.50963306427002
1977-05,1.802882432937622,55.889355421066284
1977-06,2.99312162399292,89.7936487197876
1977-07,2.7422430515289307,85.00953459739685
1977-08,3.9392504692077637,122.11676454544067
1977-09,5.2390851974487305,157.1725559234619
1977-10,1.9736781120300293,61.18402147293091
1977-11,2.7522342205047607,82.56702661514282
1977-12,4.005791664123535,124.17954158782959
1978-01,3.6370091438293457,112.74728345870972
1978-02,0.5962648987770081,16.695417165756226
1978-03,2.4772331714630127,76.7942283153534
1978-04,3.02506160736084,90.7518482208252
1978-05,3.1009681224823,96.1300117969513
1978-06,2.4442267417907715,73.32680225372314
1978-07,2.9528088569641113,91.53707456588745
1978-08,2.800832986831665,86.82582259178162
1978-09,1.9457043409347534,58.3711302280426
1978-10,1.7816944122314453,55.232526779174805
1978-11,2.4520349502563477,73.56104850769043
1978-12,2.7948238849639893,86.63954043388367
1979-01,2.364775750112174,73.3080482534774
1979-02,1.9591372245704683,54.85584228797311
1979-03,2.2228363756047966,68.90792764374869
1979-04,4.622027670969711,138.66083012909132
1979-05,2.592466519065814,80.36646209104023
1979-06,2.784180781398638,83.52542344195913
1979-07,3.7650931075082674,116.7178863327563
1979-08,4.44918630752185,137.92477553317735
1979-09,1.3209815784725971,39.62944735417791
1979-10,1.985386154392218,61.54697078615876
1979-11,4.2748619306587194,128.2458579197616
1979-12,1.891609868126369,58.639905911917445
1980-01,1.2539710171150564,38.87310153056675
1980-02,1.3894330705464237,40.29355904584629
1980-03,3.7942485859403465,117.62170616415074
1980-04,2.8643407098011937,85.93022129403582
1980-05,3.960020816528056,122.76064531236973
1980-06,4.809661914327037,144.28985742981112
1980-07,3.9502347340482196,122.4572767554948
1980-08,6.291403987335005,195.03352360738515
1980-09,3.0489606903121427,91.46882070936428
1980-10,2.6875296108535607,83.31341793646038
1980-11,1.502947966468679,45.08843899406037
1980-12,1.8419638243337635,57.10087855434667
1981-01,0.6467281962781637,20.048574084623073
1981-02,3.063401270302222,85.77523556846222
1981-03,1.168863188037558,36.2347588291643
1981-04,4.077269000100799,122.31807000302396
1981-05,4.8844789632175845,151.4188478597451
1981-06,5.979907643823439,179.39722931470317
1981-07,4.260780540181485,132.08419674562603
1981-08,3.1671814184089135,98.18262397067632
1981-09,4.405194245069544,132.15582735208633
1981-10,2.407583193511484,74.635078998856
1981-11,1.6827476825028416,50.482430475085245
1981-12,2.9876174576827457,92.61614118816512
1982-01,4.604953699166978,142.75356467417632
1982-02,1.79592533417869,50.28590935700332
1982-03,4.1294038327908416,128.0115188165161
1982-04,2.4817701262801695,74.45310378840509
1982-05,3.113511737808893,96.51886387207568
1982-06,3.6833030269381393,110.49909080814417
1982-07,2.983216814332995,92.47972124432285
1982-08,1.7714055242199733,54.913571250819174
1982-09,1.9183592524887234,57.5507775746617
1982-10,1.0953790041354738,33.95674912819969
1982-11,3.800974360143896,114.02923080431688
1982-12,4.15419831110739,128.78014764432908
1983-01,1.0795745881948726,33.46681223404105
1983-02,0.9754592293493062,27.31285842178057
1983-03,2.1250504926351264,65.87656527168892
1983-04,4.59917510980097,137.9752532940291
1983-05,4.37719284722154,135.69297826386773
1983-06,2.5715062522042524,77.14518756612757
1983-07,3.319794484708399,102.91362902596038
1983-08,2.2880950185256097,70.9309455742939
1983-09,1.8137553084633755,54.41265925390127
1983-10,4.203844441939731,130.31917770013166
1983-11,4.693809329082858,140.81427987248574
1983-12,3.431941828810546,106.39019669312692
1984-01,0.9631206261485337,29.856739410604543
1984-02,2.207996065247804,64.03188589218632
1984-03,3.241565471493408,100.48852961629565
1984-04,3.9556172160721315,118.66851648216394
1984-05,4.337430219764756,134.46033681270742
1984-06,0.8134425555755291,24.403276667265875
1984-07,2.3633890433500153,73.26506034385048
1984-08,3.0208410443856497,93.64607237595514
1984-09,3.070204861165915,92.10614583497745
1984-10,3.191081481757782,98.92352593449125
1984-11,3.211208521805626,96.33625565416878
1984-12,2.828298665646915,87.67725863505437
1985-01,1.7283583822904913,53.57910985100523
1985-02,4.137274250220899,115.84367900618517
1985-03,4.199999687142952,130.1999903014315
1985-04,1.6593617490907322,49.78085247272197
1985-05,4.01017998426129,124.3155795121
1985-06,2.969951283619186,89.09853850857557
1985-07,2.816615708343874,87.31508695866009
1985-08,4.06823880608543,126.11540298864834
1985-09,1.693151119391417,50.79453358174251
1985-10,2.7333867084219685,84.73498796108102
1985-11,4.868405151760696,146.05215455282087
1985-12,2.103124445210588,65.19685780152824
1986-01,1.41462459308738,43.85336238570878
1986-02,3.193979277116413,89.43141975925957
1986-03,2.5659023305904016,79.54297224830245
1986-04,2.1428043288029177,64.28412986408753
1986-05,2.8469327143430734,88.25491414463528
1986-06,4.841927488666446,145.2578246599934
1986-07,4.613294306652219,143.01212350621878
1986-08,1.2334994755942466,38.23848374342165
1986-09,4.727887231607593,141.83661694822777
1986-10,3.466036357537821,107.44712708367246
1986-11,2.3662519244931057,70.98755773479317
1986-12,1.910318426613204,59.21987122500933
1987-01,1.984394587170455,61.5162322022841
1987-02,0.5607244597267427,15.700284872348796
1987-03,2.248505859814929,69.7036816542628
1987-04,2.595667912657587,77.8700373797276
1987-05,2.8280593771006353,87.6698406901197
1987-06,4.117708388323669,123.53125164971006
1987-07,3.457451037354766,107.18098215799775
1987-08,3.5100355625063773,108.8111024376977
1987-09,2.0991002458319623,62.97300737495887
1987-10,1.8120511926897027,56.173586973380786
1987-11,2.4842462213430756,74.52738664029226
1987-12,3.6142289668911203,112.04109797362473
1988-01,1.5647419886207197,48.50700164724231
1988-02,2.09905143254779,60.87249154388591
1988-03,1.956642164630033,60.65590710353102
1988-04,2.485316361699736,74.55949085099208
1988-05,1.5214909981900575,47.16622094389178
1988-06,0.7141078288592388,21.423234865777165
1988-07,2.751775388718687,85.3050370502793
1988-08,2.999594501917078,92.98742955942943
1988-09,2.4353565334759697,73.0606960042791
1988-10,2.5828341343974124,80.06785816631978
1988-11,4.411627095288145,132.34881285864435
1988-12,2.0089215750573164,62.27656882677681
1989-01,2.039880850784697,63.23630637432561
1989-02,1.366354671900935,38.25793081322618
1989-03,2.7186409483533382,84.27786939895348
1989-04,3.72543433015094,111.7630299045282
1989-05,4.453634134915954,138.06265818239459
1989-06,3.6770047272406043,110.31014181721812
1989-07,3.3678372975718442,104.40295622472718
1989-08,2.555362815506438,79.21624728069958
1989-09,4.510370225587885,135.31110676763655
1989-10,2.0979854990034426,65.03755046910672
1989-11,2.217844566281967,66.53533698845901
1989-12,1.3311841148516617,41.266707560401514
1990-01,2.0758224527965825,64.35049603669405
1990-02,5.203642485618573,145.70198959732005
1990-03,2.364534209626732,73.3005604984287
1990-04,2.5503903334159705,76.51171000247912
1990-05,5.380437773856301,166.79357098954534
1990-06,2.8357723633278726,85.07317089983619
1990-07,4.2456364063960965,131.614728598279
1990-08,4.2746071968230765,132.51282310151538
1990-09,2.5948540524036807,77.84562157211042
1990-10,3.7595979917450735,116.54753774409728
1990-11,1.836622878943248,55.098686368297436
1990-12,4.67919946386953,145.05518337995542
1991-01,1.9523179737594167,60.52185718654192
1991-02,1.3799789377050895,38.639410255742504
1991-03,2.8639747707509033,88.783217893278
1991-04,4.2514002990576305,127.54200897172892
1991-05,2.2269847083608783,69.03652595918723
1991-06,1.5600822538225232,46.8024676146757
1991-07,1.9290773629851634,59.80139825254007
1991-08,2.795455480039992,86.65911988123975
1991-09,1.6895733627613114,50.68720088283934
1991-10,2.9632062497225746,91.85939374139981
1991-11,2.677438461742292,80.32315385226876
1991-12,1.4868680629887794,46.092909952652164
1992-01,1.946724778367806,60.34846812940199
1992-02,1.246912409678683,36.160459880681806
1992-03,2.7610261966119634,85.59181209497086
1992-04,4.334820253486436,130.04460760459307
1992-05,2.6847829648133446,83.22827190921367
1992-06,2.1084927137950826,63.25478141385248
1992-07,7.635325363231003,236.6950862601611
1992-08,2.451509094655798,75.99678193432973
1992-09,2.878141730704249,86.34425192112747
1992-10,1.7807543265075754,55.203384121734835
1992-11,5.188000315986021,155.64000947958064
1992-12,1.4463542366545092,44.83698133628979
1993-01,3.374313747136338,104.60372616122648
1993-02,2.0626652818753466,57.7546278925097
1993-03,3.4266212752960374,106.22525953417716
1993-04,3.4990005651218086,104.97001695365425
1993-05,2.216991915907396,68.72674939312927
1993-06,4.093203776228897,122.79611328686691
1993-07,3.435718369294209,106.50726944812048
1993-08,2.3928917513863834,74.17964429297788
1993-09,4.027446077786629,120.82338233359887
1993-10,2.500128105662652,77.50397127554221
1993-11,3.9343850653756713,118.03155196127014
1993-12,1.5675255593335258,48.5932923393393
1994-01,2.6979031413067753,83.63499738051003
1994-02,1.62465152070553,45.49024257975484
1994-03,1.9836450473916543,61.49299646914128
1994-04,4.95478239442644,148.64347183279318
1994-05,1.9536401483653882,60.562844599327036
1994-06,3.179439459008142,95.38318377024426
1994-07,2.5365744722912433,78.63380864102854
1994-08,3.5240202830095106,109.24462877329483
1994-09,1.1353171785111231,34.059515355333694
1994-10,1.059113529337121,32.832519409450754
1994-11,3.0225462033655446,90.67638610096634
1994-12,1.936981822588548,60.04643650024499
1995-01,2.361243441630476,73.19854669054476
1995-02,0.8229660711716588,23.043049992806445
1995-03,1.8122501961946333,56.179756082033634
1995-04,3.36951484098077,101.0854452294231
1995-05,3.8549406501117747,119.50316015346502
1995-06,3.7969611174749107,113.90883352424733
1995-07,2.881777819285359,89.33511239784613
1995-08,4.091481192596819,126.8359169705014
1995-09,0.9835437466774005,29.506312400322017
1995-10,3.904310494985525,121.03362534455128
1995-11,2.1046170616875792,63.138511850627374
1995-12,1.4168257058696112,43.921596881957946
1996-01,2.495293862368901,77.35410973343593
1996-02,1.4794740029628164,42.90474608592167
1996-03,2.4921856950024064,77.2577565450746
1996-04,5.667147227101305,170.01441681303913
1996-05,3.915527202231652,121.3813432691812
1996-06,4.761505869510443,142.84517608531328
1996-07,3.9354236287683366,121.99813249181844
1996-08,1.3051424742572781,40.45941670197562
1996-09,3.638681564471082,109.16044693413245
1996-10,1.8089169710297008,56.076426101920724
1996-11,3.6713772254662023,110.14131676398607
1996-12,3.297885725743156,102.23445749803784
1997-01,2.6068185881850185,80.81137623373557
1997-02,3.966463971202948,111.06099119368254
1997-03,3.8077162550611727,118.03920390689636
1997-04,1.9060317732390277,57.18095319717083
1997-05,5.167354180562777,160.1879795974461
1997-06,3.323627575274694,99.70882725824083
1997-07,2.1189142711888342,65.68634240685387
1997-08,3.667599138928505,113.69557330678366
1997-09,1.5742708614235643,47.22812584270693
1997-10,1.4331249277587352,44.426872760520794
1997-11,2.033662997496399,61.009889924891965
1997-12,1.9385872769257366,60.096205584697834
1998-01,2.9421656699012813,91.20713576693971
1998-02,1.745631798704608,48.87769036372902
1998-03,3.7183134836760936,115.2677179939589
1998-04,4.248947785183104,127.4684335554931
1998-05,2.7185388221110767,84.27470348544338
1998-06,4.057168193363663,121.71504580090988
1998-07,2.369173458040317,73.44437719924983
1998-08,3.8900676827513334,120.59209816529133
1998-09,0.5227803733125851,15.683411199377552
1998-10,1.8189468685053019,56.38735292366436
1998-11,1.0557766594351252,31.673299783053757
1998-12,1.4547695256339896,45.09785529465368
1999-01,4.179620647609382,129.56824007589086
1999-02,1.952885914523495,54.680805606657856
1999-03,1.6578738066615182,51.39408800650706
1999-04,4.66781620712119,140.0344862136357
1999-05,2.4243747972550254,75.15561871490578
1999-06,2.234372792875035,67.03118378625105
1999-07,2.0596328291658295,63.848617704140715
1999-08,2.507236672772395,77.72433685594424
1999-09,1.006794689787401,30.203840693622027
1999-10,1.619874411356182,50.21610675204165
1999-11,1.3061659929958662,39.18497978987599
1999-12,2.2704371595722224,70.38355194673889
2000-01,1.9561144024728911,60.639546476659625
2000-02,2.178759692199717,63.18403107379179
2000-03,2.2111113416752453,68.5444515919326
2000-04,2.874554161007728,86.23662483023183
2000-05,4.91466519647341,152.35462109067572
2000-06,5.270108188082245,158.10324564246736
2000-07,4.189171322177482,129.86431098750194
2000-08,3.4799539053477275,107.87857106577955
2000-09,2.5292277642922807,75.87683292876842
2000-10,2.040420687787336,63.253041321407416
2000-11,2.3038530553669525,69.11559166100858
2000-12,2.748554777704356,85.20519810883503
2001-01,0.9607078807187075,29.781944302279932
2001-02,2.351370659027411,65.83837845276751
2001-03,1.1186034371867313,34.67670655278867
2001-04,2.9637138622417156,88.91141586725146
2001-05,4.135849820046146,128.21134442143054
2001-06,2.3902461709165235,71.7073851274957
2001-07,2.8078302627671463,87.04273814578154
2001-08,3.082670455584282,95.56278412311275
2001-09,2.6118269223080555,78.35480766924167
2001-10,5.384545575200719,166.9209128312223
2001-11,2.303114706591079,69.09344119773236
2001-12,2.092547499296936,64.86897247820501
2002-01,1.8767766548701743,58.1800763009754
2002-02,2.1824300844286713,61.1080423640028
2002-03,2.6774403488250447,83.00065081357639
2002-04,4.202436257732932,126.07308773198797
2002-05,4.410436043829415,136.72351735871186
2002-06,1.654796724917875,49.64390174753625
2002-07,2.240544423951241,69.45687714248848
2002-08,2.320794468640128,71.94462852784396
2002-09,2.4121064404349255,72.36319321304777
2002-10,1.4141430718977264,43.83843522882952
2002-11,2.2873737516794623,68.62121255038387
2002-12,1.8134398123262376,56.21663418211337
2003-01,1.0348719541434224,32.0810305784461
2003-02,2.186081650434617,61.21028621216928
2003-03,2.313157822826298,71.70789250761524
2003-04,2.1968882118116673,65.90664635435002
2003-05,5.181008965353301,160.61127792595232
2003-06,3.038184700661778,91.14554101985334
2003-07,3.9696102897253707,123.0579189814865
2003-08,2.4609990845456378,76.29097162091477
2003-09,4.530969060284756,135.92907180854266
2003-10,1.9380470869010014,60.07945969393104
2003-11,2.742280694230844,82.26842082692532
2003-12,2.8442849310195495,88.17283286160604
2004-01,2.130954521124696,66.05959015486557
2004-02,0.8536720195407881,24.756488566682854
2004-03,3.1683646421713982,98.21930390731335
2004-04,1.5585023950528802,46.75507185158641
2004-05,4.422128427332061,137.0859812472939
2004-06,4.492039260765883,134.7611778229765
2004-07,3.465979471634221,107.44536362066084
2004-08,3.962869623521585,122.84895832916914
2004-09,1.2291590277958244,36.874770833874734
2004-10,2.142965091716532,66.43191784321249
2004-11,3.2772973741103373,98.31892122331011
2004-12,2.5936627425953582,80.40354502045611
2005-01,4.813637966498269,149.22277696144633
2005-02,2.5891541375948166,72.49631585265486
2005-03,1.4444553717926372,44.778116525571754
2005-04,2.7358835324403383,82.07650597321015
2005-05,2.131747135627422,66.08416120445008
2005-06,1.6038985076903907,48.11695523071172
2005-07,3.184766876610173,98.72777317491537
2005-08,2.9851362619609842,92.53922412079051
2005-09,3.465296776658578,103.95890329975734
2005-10,0.8982789110809754,27.846646243510236
2005-11,3.3100704615547554,99.30211384664265
2005-12,2.542856411636183,78.82854876072167
2006-01,2.763556449095383,85.67024992195687
2006-02,2.1459560064094005,60.08676817946321
2006-03,3.01446105236399,93.44829262328369
2006-04,2.7457760338598844,82.37328101579654
2006-05,4.22046083997226,130.83428603914007
2006-06,2.539202345886352,76.17607037659056
2006-07,4.668855070420555,144.7345071830372
2006-08,3.0263720091753723,93.81753228443654
2006-09,3.232395977095352,96.97187931286057
2006-10,3.4063785078920903,105.5977337446548
2006-11,2.779646760260305,83.38940280780915
2006-12,3.356630882043236,104.05555734334031
2007-01,3.360000001615147,104.16000005006956
2007-02,1.766446803594895,49.46051050065706
2007-03,2.9389490732887618,91.10742127195161
2007-04,3.2696340067415597,98.08902020224679
2007-05,1.1762037086074228,36.46231496683011
2007-06,2.0111951828599293,60.33585548579788
2007-07,2.149903837841064,66.64701897307299
2007-08,5.032857836189824,156.01859292188453
2007-09,1.9150669218009861,57.452007654029586
2007-10,2.07153434565097,64.21756471518006
2007-11,2.7824939989323214,83.47481996796964
2007-12,3.7686775654334057,116.82900452843558
2008-01,2.757006070320489,85.46718817993516
2008-02,3.892199759419408,112.87379302316283
2008-03,4.0468833759338,125.4533846539478
2008-04,2.703777614276939,81.11332842830818
2008-05,3.2868092974366223,101.8910882205353
2008-06,4.4368194270249965,133.1045828107499
2008-07,2.3109604020854766,71.63977246464978
2008-08,1.551317819725451,48.09085241148898
2008-09,2.3252160142071006,69.75648042621302
2008-10,1.1771798899590658,36.49257658873104
2008-11,2.147913888746773,64.4374166624032
2008-12,3.1687259524637734,98.23050452637698
2009-01,1.6613116878241123,51.500662322547484
2009-02,2.306440796606803,64.58034230499048
2009-03,3.498004584650719,108.43814212417229
2009-04,4.957220936859928,148.71662810579784
2009-05,2.3797547955933185,73.77239866339288
2009-06,3.528664533384318,105.85993600152955
2009-07,1.8679646763598283,57.90690496715468
2009-08,1.7199376251419574,53.318066379400676
2009-09,1.5463726624554326,46.39117987366298
2009-10,4.130734345965906,128.05276472494307
2009-11,1.1435482718727656,34.30644815618297
2009-12,2.9669896057329206,91.97667777772054
2010-01,1.2672670950213913,39.285279945663135
2010-02,2.140652914404235,59.938281603318586
2010-03,2.4643489108975705,76.39481623782468
2010-04,2.2055854395561743,66.16756318668523
2010-05,4.914506652571781,152.3497062297252
2010-06,4.439410211262857,133.1823063378857
2010-07,2.0214640347652018,62.665385077721254
2010-08,2.3212829363502743,71.9597710268585
2010-09,1.417767950215841,42.53303850647523
2010-10,1.1222650427049536,34.79021632385356
2010-11,3.0759957999023824,92.27987399707148
2010-12,0.9883979113385464,30.64033525149494
2011-01,1.1180260783510425,34.65880842888232
2011-02,3.4569249167915856,96.7938976701644
2011-03,2.842220703226529,88.1088418000224
2011-04,6.5301350781131475,195.90405234339443
2011-05,5.149723327148941,159.64142314161717
2011-06,3.014361601803406,90.43084805410217
2011-07,1.3855960650627133,42.95347801694411
2011-08,2.495000029079879,77.34500090147625
2011-09,4.329833106059956,129.8949931817987
2011-10,2.8257853834532365,87.59934688705033
2011-11,4.9046591222575575,147.13977366772673
2011-12,3.646071527907012,113.02821736511737
2012-01,2.776695732783449,86.07756771628692
2012-02,2.003482038107476,58.1009791051168
2012-03,2.134380970772941,66.16581009396117
2012-04,1.7026052481673832,51.078157445021496
2012-05,1.8290036907968916,56.699114414703644
2012-06,1.4891837733938331,44.675513201814994
2012-07,2.0678255345504306,64.10259157106334
2012-08,3.246505389538472,100.64166707569264
2012-09,3.1824330985070515,95.47299295521154
2012-10,2.880040800743453,89.28126482304704
2012-11,0.6689199013203813,20.06759703961144
2012-12,2.473595251522763,76.68145279720565
2013-01,3.341509225293453,103.58678598409705
2013-02,2.2368240224663256,62.631072629057115
2013-03,1.636923362663862,50.74462424257972
2013-04,4.354581647500803,130.63744942502407
2013-05,2.4215373420910282,75.06765760482187
2013-06,4.56652153392736,136.9956460178208
2013-07,3.0175091318605367,93.54278308767664
2013-08,1.317026314648976,40.827815754118255
2013-09,2.148096856424904,64.44290569274712
2013-10,2.4326306426564965,75.4115499223514
2013-11,2.048484834610977,61.45454503832931
2013-12,3.3288610436919233,103.19469235444961
2014-01,2.5048054842288083,77.64897001109306
2014-02,2.7039052063175335,75.70934577689094
2014-03,1.7916578155921874,55.54139228335781
2014-04,4.063165075673657,121.89495227020971
2014-05,2.7761610725619468,86.06099324942035
2014-06,4.491408446561531,134.7422533968459
2014-07,2.2323318540274006,69.20228747484941
2014-08,2.5584169045688356,79.31092404163391
2014-09,2.2560324259144733,67.68097277743419
2014-10,2.837496709870013,87.9623980059704
2014-11,2.187641685210665,65.62925055631995
2014-12,1.5576458641266118,48.287021787924964
2015-01,2.014456466693705,62.44815046750486
2015-02,1.7073362936089846,47.80541622105157
2015-03,1.7697925843423603,54.86357011461317
2015-04,3.1912899527959437,95.73869858387832
2015-05,3.2294440444195653,100.11276537700653
2015-06,7.480577384694716,224.4173215408415
2015-07,2.8311536227975407,87.76576230672376
2015-08,2.135820162156232,66.21042502684318
2015-09,0.8327676792724482,24.983030378173446
2015-10,1.6108199229546372,49.93541761159375
2015-11,2.6699713769821036,80.0991413094631
2015-12,3.591902932343444,111.34899090264676
2016-01,1.3205334502576902,40.936536957988395
2016-02,2.5264128611050114,73.26597297204533
2016-03,4.289068920915567,132.9611365483826
2016-04,2.8052811897391887,84.15843569217566
2016-05,2.9394356372245163,91.12250475396
2016-06,2.9999069390436524,89.99720817130957
2016-07,2.3355455321413325,72.4019114963813
2016-08,3.831995062678284,118.7918469430268
2016-09,3.3226586668470204,99.67976000541061
2016-10,2.3165695237375936,71.8136552358654
2016-11,1.7964229065010322,53.892687195030966
2016-12,2.157086377954239,66.8696777165814
2017-01,3.4814228678504597,107.92410890336426
2017-02,1.8443215489954004,51.64100337187121
2017-03,3.371466600805421,104.51546462496805
2017-04,3.9304539924757753,117.91361977427326
2017-05,5.366687551056022,166.36731408273667
2017-06,2.86037405660767,85.8112216982301
2017-07,4.780526311297301,148.19631565021632
2017-08,2.1106302147294813,65.42953665661392
2017-09,1.41333512767898,42.4000538303694
2017-10,3.0142293466139884,93.44110974503364
2017-11,3.9599245149593725,118.79773544878117
2017-12,1.1521301819999956,35.716035641999866
2018-01,1.7724072374496251,54.94462436093838
2018-02,4.697067645273658,131.51789406766244
2018-03,3.225157993318379,99.97989779286975
2018-04,2.931886701119127,87.95660103357382
2018-05,3.980476868873633,123.39478293508262
2018-06,6.093618744703392,182.80856234110175
2018-07,2.943809938806256,91.25810810299394
2018-08,4.6765207459559575,144.97214312463467
2018-09,2.9046207714591206,87.13862314377361
2018-10,2.785186354596706,86.3407769924979
2018-11,3.8925471538480925,116.77641461544277
2018-12,2.898380477383623,89.8497947988923
2019-01,2.3952435182627947,74.25254906614664
2019-02,2.7496293293912357,76.9896212229546
2019-03,3.1688556152742957,98.23452407350317
2019-04,4.950057780141597,148.50173340424791
2019-05,4.508423620264251,139.7611322281918
2019-06,4.87355655549844,146.2066966649532
2019-07,3.2368289316223535,100.34169688029296
2019-08,3.6310044589643997,112.5611382278964
2019-09,1.2547384847524417,37.64215454257325
2019-10,3.1563750930498338,97.84762788454485
2019-11,1.3846398168220655,41.539194504661964
2019-12,2.3057729372052305,71.47896105336214
2020-01,4.092835881781823,126.8779123352365
2020-02,2.4627537622865954,71.41985910631126
2020-03,3.5770807912927545,110.88950453007538
2020-04,2.160112914054018,64.80338742162054
2020-05,4.223211484217638,130.91955601074676
2020-06,2.6431339562522544,79.29401868756763
2020-07,2.2375882728345493,69.36523645787103
2020-08,2.20227608296671,68.27055857196801
2020-09,1.8554541581466344,55.66362474439903
2020-10,2.2550023260583805,69.9050721078098
2020-11,2.622735006319713,78.68205018959138
2020-12,1.2653916704664712,39.227141784460606
2021-01,1.9399610659177924,60.138793043451564
2021-02,1.9570068163886654,54.79619085888263
2021-03,2.219899612474261,68.81688798670208
2021-04,2.2231735916190214,66.69520774857064
2021-05,3.2248305604644716,99.96974737439862
2021-06,4.401382532423142,132.04147597269426
2021-07,4.114038861017631,127.53520469154657
2021-08,2.161872726631096,67.01805452556397
2021-09,3.6683315438807984,110.04994631642396
2021-10,5.203643566427761,161.3129505592606
2021-11,1.418425610802782,42.55276832408346
2021-12,2.6196840543123816,81.21020568368382
2022-01,0.9779703713660083,30.317081512346256
2022-02,3.894635439226337,109.04979229833744
2022-03,3.0419380745133755,94.30008030991463
2022-04,3.153736743703445,94.61210231110334
2022-05,3.8753553017755538,120.13601435504216
2022-06,2.855722090264296,85.67166270792889
2022-07,3.6838333525917135,114.19883393034311
2022-08,2.8618890379903643,88.71856017770129
2022-09,1.7846214561261127,53.53864368378338
2022-10,1.327223532087434,41.14392949471045
2022-11,1.78916156190082,53.674846857024605
2022-12,1.7759581775617292,55.05470350441361
